101,101110111,2026-05-01
101,101110111,2026-05-01
107,101110111,2026-05-02
107,102220222,2026-05-01
105,103330333,2026-05-01
104,103330333,2026-05-02
103,103330333,2026-05-03
103,104440444,2026-05-01
102,104440444,2026-05-02
102,105550555,2026-05-01
102,105550555,2026-05-03
101,106660666,2026-05-04
105,107770777,2026-05-05
103,201110111,2026-05-01
107,201110111,2026-05-02
103,202220222,2026-05-01
102,203330333,2026-05-01
106,204440444,2026-05-02
101,205550555,2026-05-03
105,206660666,2026-05-01
107,301110111,2026-05-01
103,302220222,2026-05-02
106,303330333,2026-05-03
104,304440444,2026-05-01
105,305550555,2026-05-02
108,401110111,2026-05-01
108,402220222,2026-05-02
101,301110111,2026-05-04
102,301110111,2026-05-05
104,302220222,2026-05-04
105,302220222,2026-05-05
106,401110111,2026-05-03
101,402220222,2026-05-04
105,402220222,2026-05-04